,prof_after_women_postproc,cat,cat_named,freq,cluster_kmeans_NKRL,cluster_agglomerative_NKRL,cluster_kmeans_Taiga,cluster_agglomerative_Taiga,cluster_kmeans_Wiki,cluster_agglomerative_Wiki
0,рабочий,1,Промышленность,32404,5.0,12.0,0.0,1.0,7.0,1.0
1,колхозник,2,Сельское хозяйство,20062,5.0,2.0,0.0,1.0,10.0,1.0
2,бухгалтер,10,"Государственные учреждения, партийные и общественные организации",18379,11.0,5.0,7.0,1.0,3.0,1.0
3,красноармеец,0,Армия,17690,7.0,0.0,3.0,0.0,6.0,1.0
4,начальник,10,"Государственные учреждения, партийные и общественные организации",15213,0.0,3.0,9.0,5.0,0.0,1.0
5,плотник,4,Строительство,14483,5.0,5.0,6.0,1.0,7.0,1.0
6,заведующий,10,"Государственные учреждения, партийные и общественные организации",27580,11.0,3.0,9.0,5.0,0.0,1.0
7,сторож,7,Жилищное и коммунальное хозяйство,13567,3.0,5.0,2.0,1.0,12.0,1.0
8,слесарь,1,Промышленность,12615,1.0,5.0,7.0,1.0,4.0,1.0
9,счетовод,10,"Государственные учреждения, партийные и общественные организации",11781,3.0,5.0,7.0,1.0,3.0,1.0
10,член,11,Нераспределенные по отраслям народного хозяйства и неточно указавшие отрасль,9863,11.0,3.0,9.0,6.0,9.0,3.0
11,бригадир,1,Промышленность,9450,1.0,2.0,7.0,1.0,4.0,1.0
12,мастер,1,Промышленность,8970,5.0,5.0,6.0,1.0,7.0,1.0
13,председатель,10,"Государственные учреждения, партийные и общественные организации",9767,11.0,3.0,9.0,5.0,0.0,1.0
14,чернорабочий,1,Промышленность,7353,5.0,12.0,7.0,1.0,7.0,1.0
15,грузчик,1,Промышленность,6503,1.0,5.0,1.0,1.0,3.0,1.0
16,директор,10,"Государственные учреждения, партийные и общественные организации",6441,11.0,3.0,9.0,5.0,0.0,1.0
17,столяр,1,Промышленность,6410,5.0,5.0,6.0,1.0,7.0,1.0
18,кузнец,1,Промышленность,6392,5.0,5.0,6.0,1.0,7.0,1.0
19,машинист,5,Транспорт и связь,6238,1.0,5.0,1.0,1.0,2.0,1.0
20,конюх,2,Сельское хозяйство,5921,3.0,5.0,10.0,1.0,7.0,1.0
21,кладовщик,6,"Торговля, заготовки и общественное питание",5507,1.0,5.0,7.0,1.0,3.0,1.0
22,учитель,8,"Просвещение, наука, искусство, печать",5380,10.0,6.0,8.0,5.0,9.0,2.0
23,секретарь,10,"Государственные учреждения, партийные и общественные организации",5165,11.0,3.0,9.0,5.0,0.0,1.0
24,инженер,8,"Просвещение, наука, искусство, печать",5148,9.0,6.0,5.0,1.0,1.0,1.0
25,преподаватель,8,"Просвещение, наука, искусство, печать",5147,10.0,6.0,8.0,5.0,9.0,2.0
26,заключенный,11,Нераспределенные по отраслям народного хозяйства и неточно указавшие отрасль,5144,7.0,0.0,0.0,2.0,12.0,1.0
27,шофер,5,Транспорт и связь,5050,1.0,5.0,2.0,1.0,2.0,1.0
28,студент,8,"Просвещение, наука, искусство, печать",4799,10.0,6.0,8.0,5.0,9.0,2.0
29,механик,1,Промышленность,4749,1.0,5.0,7.0,1.0,1.0,1.0
30,священник,12,Служители культа,4698,12.0,1.0,12.0,3.0,5.0,8.0
31,рядовой,0,Армия,4682,7.0,0.0,3.0,0.0,6.0,1.0
32,инспектор,10,"Государственные учреждения, партийные и общественные организации",4177,11.0,3.0,2.0,5.0,0.0,1.0
33,возчик,5,Транспорт и связь,3885,3.0,5.0,10.0,1.0,7.0,1.0
34,десятник,0,Армия,3591,5.0,5.0,10.0,0.0,7.0,1.0
35,завхоз,6,"Торговля, заготовки и общественное питание",3503,3.0,5.0,2.0,1.0,12.0,1.0
36,инструктор,1,Промышленность,3236,11.0,0.0,3.0,1.0,0.0,1.0
37,техник,1,Промышленность,3223,1.0,6.0,7.0,1.0,1.0,1.0
38,кочегар,1,Промышленность,3221,1.0,5.0,1.0,1.0,2.0,1.0
39,токарь,1,Промышленность,3084,5.0,5.0,7.0,1.0,4.0,1.0
40,агент,11,Нераспределенные по отраслям народного хозяйства и неточно указавшие отрасль,3046,11.0,3.0,2.0,10.0,12.0,1.0
41,служащий,11,Нераспределенные по отраслям народного хозяйства и неточно указавшие отрасль,2961,11.0,12.0,2.0,1.0,12.0,1.0
42,экономист,8,"Просвещение, наука, искусство, печать",2903,9.0,6.0,5.0,1.0,11.0,2.0
43,крестьянин,2,Сельское хозяйство,2883,5.0,12.0,0.0,1.0,8.0,4.0
44,тракторист,2,Сельское хозяйство,2957,1.0,2.0,7.0,1.0,10.0,1.0
45,сапожник,1,Промышленность,2785,5.0,5.0,6.0,1.0,7.0,1.0
46,электромонтер,1,Промышленность,2761,3.0,5.0,7.0,1.0,4.0,1.0
47,кассир,6,"Торговля, заготовки и общественное питание",2754,3.0,3.0,2.0,0.0,3.0,1.0
48,продавец,6,"Торговля, заготовки и общественное питание",2749,3.0,12.0,2.0,0.0,3.0,4.0
49,работник,11,Нераспределенные по отраслям народного хозяйства и неточно указавшие отрасль,2647,11.0,12.0,2.0,1.0,12.0,1.0
50,командир,0,Армия,2628,0.0,0.0,3.0,0.0,6.0,1.0
51,ссыльный,11,Нераспределенные по отраслям народного хозяйства и неточно указавшие отрасль,2414,3.0,0.0,0.0,2.0,9.0,1.0
52,заместитель,10,"Государственные учреждения, партийные и общественные организации",7583,11.0,3.0,9.0,5.0,0.0,1.0
53,военнослужащий,0,Армия,2239,7.0,0.0,3.0,0.0,12.0,1.0
54,сержант,0,Армия,2031,7.0,0.0,3.0,0.0,6.0,1.0
55,врач,9,Здравоохранение,1935,6.0,9.0,5.0,5.0,11.0,1.0
56,лесоруб,3,Лесное хозяйство,1927,3.0,2.0,11.0,1.0,7.0,1.0
57,разнорабочий,1,Промышленность,1899,3.0,5.0,7.0,1.0,3.0,1.0
58,курсант,0,Армия,1898,7.0,0.0,3.0,0.0,9.0,2.0
59,агроном,2,Сельское хозяйство,1896,6.0,2.0,5.0,1.0,10.0,1.0
60,управляющий,10,"Государственные учреждения, партийные и общественные организации",1864,3.0,5.0,9.0,12.0,0.0,1.0
61,дежурный,1,Промышленность,1749,7.0,5.0,3.0,0.0,12.0,1.0
62,охранник,7,Жилищное и коммунальное хозяйство,1717,1.0,5.0,2.0,0.0,12.0,1.0
63,маляр,4,Строительство,1697,5.0,5.0,7.0,1.0,7.0,1.0
64,печник,1,Промышленность,1676,5.0,5.0,6.0,1.0,7.0,1.0
65,повар,6,"Торговля, заготовки и общественное питание",1667,3.0,5.0,2.0,1.0,7.0,1.0
66,экспедитор,5,Транспорт и связь,1643,3.0,3.0,7.0,1.0,3.0,1.0
67,фельдшер,9,Здравоохранение,1616,6.0,9.0,2.0,5.0,12.0,1.0
68,стрелочник,1,Промышленность,1561,3.0,5.0,1.0,1.0,2.0,1.0
69,портной,7,Жилищное и коммунальное хозяйство,1516,3.0,5.0,6.0,1.0,7.0,1.0
70,уполномоченный,11,Нераспределенные по отраслям народного хозяйства и неточно указавшие отрасль,1499,3.0,3.0,9.0,5.0,0.0,1.0
71,руководитель,10,"Государственные учреждения, партийные и общественные организации",1495,11.0,3.0,9.0,5.0,0.0,1.0
72,контролер,1,Промышленность,1462,1.0,3.0,2.0,0.0,3.0,1.0
73,прораб,4,Строительство,1461,1.0,5.0,7.0,1.0,4.0,1.0
74,уборщик,7,Жилищное и коммунальное хозяйство,1460,3.0,5.0,2.0,1.0,12.0,1.0
75,старатель,1,Промышленность,1452,3.0,2.0,11.0,1.0,7.0,1.0
76,кондуктор,5,Транспорт и связь,1414,1.0,5.0,2.0,0.0,2.0,1.0
77,капитан,0,Армия,1372,0.0,0.0,3.0,0.0,6.0,1.0
78,учащийся,8,"Просвещение, наука, искусство, печать",1357,10.0,6.0,8.0,5.0,9.0,2.0
79,весовщик,6,"Торговля, заготовки и общественное питание",1326,3.0,5.0,10.0,1.0,3.0,1.0
80,учетчик,10,"Государственные учреждения, партийные и общественные организации",1306,3.0,5.0,7.0,1.0,3.0,1.0
81,диспетчер,5,Транспорт и связь,1301,1.0,5.0,2.0,1.0,2.0,10.0
82,забойщик,1,Промышленность,1287,3.0,5.0,7.0,1.0,4.0,1.0
83,моторист,1,Промышленность,1275,1.0,5.0,1.0,1.0,2.0,1.0
84,делопроизводитель,10,"Государственные учреждения, партийные и общественные организации",1220,3.0,3.0,9.0,1.0,0.0,1.0
85,пекарь,6,"Торговля, заготовки и общественное питание",1193,5.0,5.0,6.0,1.0,7.0,1.0
86,исполнитель,11,Нераспределенные по отраслям народного хозяйства и неточно указавшие отрасль,1193,11.0,4.0,4.0,6.0,11.0,3.0
87,приемщик,1,Промышленность,1189,3.0,5.0,2.0,12.0,3.0,1.0
88,крестьянин-единоличник,2,Сельское хозяйство,1180,,,,,,
89,пастух,2,Сельское хозяйство,1163,3.0,2.0,11.0,1.0,7.0,1.0
90,заготовитель,6,"Торговля, заготовки и общественное питание",1155,3.0,12.0,11.0,12.0,3.0,4.0
91,шорник,1,Промышленность,1130,3.0,5.0,6.0,1.0,7.0,1.0
92,санитар,9,Здравоохранение,1125,6.0,9.0,2.0,5.0,12.0,1.0
93,обходчик,1,Промышленность,1113,3.0,5.0,1.0,1.0,2.0,1.0
94,торговец,6,"Торговля, заготовки и общественное питание",1100,2.0,12.0,11.0,12.0,7.0,4.0
95,мельник,2,Сельское хозяйство,1082,3.0,5.0,10.0,1.0,7.0,1.0
96,каменщик,1,Промышленность,1080,5.0,5.0,6.0,1.0,7.0,1.0
97,лесник,3,Лесное хозяйство,1079,3.0,2.0,10.0,1.0,7.0,1.0
98,юрисконсульт,10,"Государственные учреждения, партийные и общественные организации",1052,3.0,3.0,9.0,5.0,0.0,1.0
99,владелец,11,Нераспределенные по отраслям народного хозяйства и неточно указавшие отрасль,1049,3.0,12.0,11.0,12.0,3.0,4.0
100,молотобоец,1,Промышленность,1048,3.0,5.0,6.0,1.0,7.0,1.0
101,пожарник,7,Жилищное и коммунальное хозяйство,1704,3.0,5.0,2.0,0.0,12.0,1.0
102,боец,0,Армия,948,7.0,0.0,3.0,0.0,12.0,1.0
103,парикмахер,7,Жилищное и коммунальное хозяйство,934,3.0,5.0,6.0,1.0,7.0,1.0
104,пчеловод,2,Сельское хозяйство,932,3.0,2.0,11.0,1.0,11.0,2.0
105,нормировщик,1,Промышленность,925,3.0,5.0,7.0,1.0,4.0,1.0
106,плановик,10,"Государственные учреждения, партийные и общественные организации",923,3.0,6.0,7.0,1.0,3.0,2.0
107,товаровед,6,"Торговля, заготовки и общественное питание",897,3.0,5.0,7.0,1.0,3.0,1.0
108,комендант,7,Жилищное и коммунальное хозяйство,874,0.0,0.0,3.0,0.0,12.0,1.0
109,монтер,1,Промышленность,870,1.0,5.0,7.0,1.0,2.0,1.0
110,лейтенант,0,Армия,861,0.0,0.0,3.0,0.0,6.0,1.0
111,дворник,7,Жилищное и коммунальное хозяйство,856,3.0,5.0,1.0,1.0,12.0,1.0
112,медсестра,9,Здравоохранение,831,6.0,9.0,2.0,5.0,12.0,1.0
113,рыбак,1,Промышленность,821,2.0,2.0,11.0,1.0,7.0,1.0
114,пильщик,1,Промышленность,815,3.0,5.0,6.0,1.0,7.0,1.0
115,казак,0,Армия,804,0.0,0.0,0.0,0.0,12.0,1.0
116,штукатур,4,Строительство,799,5.0,5.0,7.0,1.0,4.0,1.0
117,учительник,8,"Просвещение, наука, искусство, печать",796,,,,,,
118,хлебороб,2,Сельское хозяйство,793,3.0,2.0,0.0,1.0,8.0,1.0
119,зоотехник,2,Сельское хозяйство,787,3.0,2.0,5.0,1.0,10.0,1.0
120,старшина,0,Армия,771,0.0,5.0,3.0,0.0,6.0,1.0
121,электрик,1,Промышленность,762,1.0,5.0,7.0,1.0,1.0,1.0
122,землекоп,2,Сельское хозяйство,761,5.0,5.0,6.0,1.0,7.0,1.0
123,нквд,0,Армия,757,3.0,3.0,3.0,7.0,12.0,1.0
124,техник-строитель,4,Строительство,741,,,,,,
125,огородник,2,Сельское хозяйство,740,5.0,2.0,11.0,1.0,7.0,4.0
126,спецпереселенец,11,Нераспределенные по отраслям народного хозяйства и неточно указавшие отрасль,1293,3.0,0.0,0.0,2.0,8.0,1.0
127,педагог,8,"Просвещение, наука, искусство, печать",719,10.0,6.0,8.0,5.0,11.0,2.0
128,коновозчик,5,Транспорт и связь,718,,,,,,
129,бондарь,1,Промышленность,716,3.0,5.0,6.0,1.0,7.0,1.0
130,ученик,8,"Просвещение, наука, искусство, печать",716,10.0,6.0,8.0,5.0,9.0,2.0
131,лаборант,8,"Просвещение, наука, искусство, печать",705,6.0,6.0,5.0,5.0,1.0,2.0
132,технорук,1,Промышленность,702,3.0,3.0,,,3.0,1.0
133,монах,12,Служители культа,688,12.0,1.0,12.0,3.0,5.0,8.0
134,ветфельдшер,9,Здравоохранение,687,3.0,2.0,,,,
135,портн,7,Жилищное и коммунальное хозяйство,685,,,,,,
136,вахтер,7,Жилищное и коммунальное хозяйство,676,3.0,5.0,2.0,0.0,12.0,1.0
137,проводник,5,Транспорт и связь,674,3.0,1.0,2.0,0.0,12.0,0.0
138,табельщик,1,Промышленность,667,3.0,5.0,,,,
139,стрелок,0,Армия,661,7.0,2.0,3.0,0.0,12.0,1.0
140,редактор,8,"Просвещение, наука, искусство, печать",661,11.0,3.0,4.0,4.0,0.0,7.0
141,художник,8,"Просвещение, наука, искусство, печать",653,4.0,6.0,4.0,4.0,11.0,2.0
142,телеграфист,5,Транспорт и связь,650,3.0,5.0,3.0,1.0,2.0,1.0
143,конструктор,1,Промышленность,634,9.0,6.0,5.0,1.0,1.0,1.0
144,сборщик,1,Промышленность,633,3.0,5.0,11.0,12.0,3.0,4.0
145,единоличник,2,Сельское хозяйство,631,3.0,2.0,0.0,1.0,8.0,4.0
146,извозчик,5,Транспорт и связь,622,3.0,5.0,10.0,1.0,12.0,1.0
147,осмотрщик,1,Промышленность,622,3.0,11.0,,,,
148,котельщик,1,Промышленность,611,3.0,5.0,7.0,1.0,4.0,1.0
149,староста,0,Армия,602,3.0,5.0,10.0,0.0,12.0,1.0
150,дьякон,12,Служители культа,592,12.0,1.0,12.0,3.0,5.0,8.0
151,электросварщик,1,Промышленность,587,3.0,5.0,7.0,1.0,4.0,1.0
152,электромеханик,1,Промышленность,565,3.0,5.0,7.0,1.0,1.0,1.0
153,матрос,0,Армия,557,2.0,5.0,3.0,1.0,12.0,1.0
154,конторщик,1,Промышленность,555,3.0,5.0,7.0,1.0,3.0,1.0
155,пенсионер,11,Нераспределенные по отраслям народного хозяйства и неточно указавшие отрасль,551,11.0,12.0,0.0,2.0,9.0,5.0
156,военный,0,Армия,549,7.0,0.0,3.0,0.0,12.0,1.0
157,фотограф,8,"Просвещение, наука, искусство, печать",547,3.0,4.0,4.0,4.0,11.0,2.0
158,партизан,0,Армия,534,7.0,0.0,0.0,0.0,12.0,1.0
159,служитель,12,Служители культа,532,3.0,5.0,12.0,3.0,12.0,1.0
160,ревизор,10,"Государственные учреждения, партийные и общественные организации",515,3.0,3.0,2.0,0.0,0.0,1.0
161,истопник,1,Промышленность,513,3.0,5.0,1.0,1.0,7.0,1.0
162,псаломщик,12,Служители культа,505,12.0,1.0,12.0,3.0,5.0,8.0
163,жестянщик,1,Промышленность,499,3.0,5.0,6.0,1.0,7.0,1.0
164,милиционер,0,Армия,497,7.0,5.0,2.0,0.0,12.0,1.0
165,ветврач,9,Здравоохранение,497,3.0,2.0,5.0,5.0,10.0,1.0
166,писарь,8,"Просвещение, наука, искусство, печать",489,0.0,5.0,3.0,0.0,12.0,1.0
167,кучер,5,Транспорт и связь,488,3.0,5.0,10.0,1.0,7.0,1.0
168,участник,11,Нераспределенные по отраслям народного хозяйства и неточно указавшие отрасль,483,11.0,4.0,8.0,6.0,9.0,3.0
169,объездчик,5,Транспорт и связь,481,3.0,2.0,10.0,1.0,7.0,1.0
170,животновод,2,Сельское хозяйство,478,3.0,2.0,11.0,1.0,10.0,1.0
171,офицер,0,Армия,475,0.0,0.0,3.0,0.0,6.0,1.0
172,комиссар,0,Армия,473,0.0,0.0,3.0,5.0,6.0,1.0
173,сортировщик,1,Промышленность,468,3.0,5.0,,,3.0,1.0
174,кустарь,2,Сельское хозяйство,467,5.0,12.0,0.0,1.0,8.0,4.0
175,профессор,8,"Просвещение, наука, искусство, печать",465,6.0,6.0,5.0,5.0,11.0,2.0
176,переселенец,11,Нераспределенные по отраслям народного хозяйства и неточно указавшие отрасль,465,2.0,12.0,0.0,2.0,8.0,4.0
177,артист,8,"Просвещение, наука, искусство, печать",464,4.0,4.0,4.0,4.0,11.0,2.0
178,консультант,8,"Просвещение, наука, искусство, печать",457,11.0,6.0,4.0,5.0,0.0,1.0
179,экономист-плановик,10,"Государственные учреждения, партийные и общественные организации",454,,,,,,
180,формовщик,1,Промышленность,429,3.0,5.0,7.0,1.0,4.0,1.0
181,переводчик,8,"Просвещение, наука, искусство, печать",428,3.0,6.0,4.0,4.0,11.0,2.0
182,наборщик,8,"Просвещение, наука, искусство, печать",418,3.0,6.0,6.0,4.0,7.0,1.0
183,середняк,2,Сельское хозяйство,411,5.0,2.0,0.0,1.0,8.0,4.0
184,смазчик,1,Промышленность,408,3.0,5.0,1.0,1.0,2.0,1.0
185,фрезеровщик,1,Промышленность,403,3.0,5.0,7.0,1.0,4.0,1.0
186,музыкант,8,"Просвещение, наука, искусство, печать",401,4.0,4.0,4.0,4.0,11.0,2.0
187,технолог,8,"Просвещение, наука, искусство, печать",397,9.0,6.0,5.0,1.0,1.0,1.0
188,подпоручик,0,Армия,393,0.0,0.0,3.0,0.0,6.0,1.0
189,майор,0,Армия,391,0.0,0.0,3.0,0.0,6.0,1.0
190,полковник,0,Армия,389,0.0,0.0,3.0,0.0,6.0,1.0
191,официант,6,"Торговля, заготовки и общественное питание",388,3.0,5.0,2.0,0.0,12.0,1.0
192,комбайнер,2,Сельское хозяйство,386,3.0,2.0,7.0,1.0,10.0,1.0
193,юрист,10,"Государственные учреждения, партийные и общественные организации",385,8.0,3.0,4.0,5.0,11.0,2.0
194,поручик,0,Армия,383,0.0,0.0,3.0,0.0,6.0,1.0
195,ветсанитар,9,Здравоохранение,382,,,,,,
196,домохозяй,2,Сельское хозяйство,382,,,,,,
197,буфетчик,6,"Торговля, заготовки и общественное питание",376,3.0,5.0,2.0,0.0,12.0,1.0
198,скотник,2,Сельское хозяйство,375,3.0,5.0,7.0,1.0,7.0,1.0
199,закройщик,7,Жилищное и коммунальное хозяйство,374,3.0,5.0,6.0,1.0,7.0,1.0
200,бракер,6,"Торговля, заготовки и общественное питание",374,,,,,,
201,составитель,10,"Государственные учреждения, партийные и общественные организации",368,3.0,6.0,4.0,4.0,11.0,7.0
202,чабан,2,Сельское хозяйство,367,3.0,2.0,11.0,1.0,10.0,1.0
203,крепильщик,1,Промышленность,367,,,,,,
204,доцент,8,"Просвещение, наука, искусство, печать",359,6.0,6.0,5.0,5.0,0.0,2.0
205,перебежчик,11,Нераспределенные по отраслям народного хозяйства и неточно указавшие отрасль,359,7.0,0.0,0.0,10.0,12.0,1.0
206,земледелец,2,Сельское хозяйство,359,5.0,12.0,0.0,1.0,8.0,4.0
207,библиотекарь,8,"Просвещение, наука, искусство, печать",359,3.0,6.0,4.0,1.0,0.0,1.0
208,охотник,1,Промышленность,357,2.0,2.0,11.0,1.0,7.0,1.0
209,садовник,2,Сельское хозяйство,356,3.0,2.0,6.0,1.0,7.0,1.0
210,краснофлотец,0,Армия,353,3.0,0.0,3.0,0.0,6.0,1.0
211,бетонщик,4,Строительство,346,3.0,5.0,7.0,1.0,4.0,1.0
212,специалист,1,Промышленность,344,9.0,6.0,5.0,1.0,11.0,2.0
213,слушатель,8,"Просвещение, наука, искусство, печать",344,10.0,6.0,8.0,6.0,9.0,2.0
214,швейцар,7,Жилищное и коммунальное хозяйство,342,3.0,5.0,2.0,0.0,12.0,1.0
215,участковый,0,Армия,340,3.0,3.0,2.0,0.0,12.0,1.0
216,ассенизатор,7,Жилищное и коммунальное хозяйство,338,3.0,5.0,7.0,1.0,12.0,1.0
217,инженер-механик,1,Промышленность,338,,,,,1.0,1.0
218,землеустроитель,4,Строительство,337,3.0,2.0,5.0,1.0,10.0,1.0
219,водитель,5,Транспорт и связь,329,1.0,5.0,2.0,1.0,2.0,1.0
220,чертежник,8,"Просвещение, наука, искусство, печать",329,3.0,6.0,7.0,1.0,4.0,1.0
221,армеец,0,Армия,327,3.0,0.0,3.0,0.0,12.0,11.0
222,хлебопашец,2,Сельское хозяйство,323,3.0,12.0,0.0,1.0,8.0,4.0
223,телефонист,5,Транспорт и связь,322,7.0,5.0,3.0,1.0,2.0,1.0
224,безработный,11,Нераспределенные по отраслям народного хозяйства и неточно указавшие отрасль,832,5.0,12.0,0.0,2.0,9.0,5.0
225,статист,8,"Просвещение, наука, искусство, печать",318,3.0,4.0,4.0,6.0,12.0,3.0
226,надзиратель,0,Армия,318,3.0,5.0,2.0,0.0,12.0,1.0
227,сцепщик,5,Транспорт и связь,318,3.0,5.0,1.0,1.0,2.0,1.0
228,мулла,12,Служители культа,308,3.0,1.0,12.0,3.0,5.0,8.0
229,браковщик,1,Промышленность,305,3.0,5.0,,,,
230,военнопленный,11,Нераспределенные по отраслям народного хозяйства и неточно указавшие отрасль,301,7.0,0.0,0.0,2.0,12.0,1.0
231,политрук,10,"Государственные учреждения, партийные и общественные организации",297,7.0,0.0,3.0,0.0,6.0,1.0
232,почтальон,5,Транспорт и связь,296,3.0,5.0,2.0,0.0,12.0,1.0
233,полевод,2,Сельское хозяйство,295,3.0,2.0,7.0,1.0,10.0,1.0
234,статистик,8,"Просвещение, наука, искусство, печать",291,3.0,6.0,5.0,8.0,11.0,6.0
235,радист,5,Транспорт и связь,290,1.0,5.0,3.0,1.0,2.0,1.0
236,мобилизованный,0,Армия,289,,,,,,
237,электрослесарь,1,Промышленность,282,,,7.0,1.0,4.0,1.0
238,строгальщик,1,Промышленность,281,,,,,,
239,прокурор,10,"Государственные учреждения, партийные и общественные организации",276,8.0,3.0,9.0,5.0,0.0,1.0
240,инженер-конструктор,8,"Просвещение, наука, искусство, печать",273,,,,,,
241,инженер-строитель,4,Строительство,273,,,,,,
242,бурильщик,1,Промышленность,271,3.0,5.0,7.0,1.0,4.0,1.0
243,настоятель,12,Служители культа,263,12.0,1.0,12.0,3.0,5.0,8.0
244,садовод,2,Сельское хозяйство,263,3.0,2.0,11.0,1.0,11.0,2.0
245,упаковщик,1,Промышленность,262,3.0,5.0,7.0,1.0,3.0,1.0
246,скотовод,2,Сельское хозяйство,261,3.0,2.0,11.0,1.0,8.0,4.0
247,завуч,8,"Просвещение, наука, искусство, печать",260,3.0,6.0,8.0,5.0,9.0,1.0
248,заготовщик,6,"Торговля, заготовки и общественное питание",259,,,,,,
249,кровельщик,4,Строительство,259,3.0,5.0,6.0,1.0,7.0,1.0
250,модельщик,8,"Просвещение, наука, искусство, печать",257,3.0,5.0,,,4.0,1.0
251,учащаяий,8,"Просвещение, наука, искусство, печать",256,,,,,,
252,строитель,4,Строительство,251,9.0,6.0,7.0,1.0,11.0,2.0
253,откатчик,1,Промышленность,251,,,,,,
254,сплавщик,1,Промышленность,251,2.0,2.0,11.0,1.0,7.0,1.0
255,геолог,8,"Просвещение, наука, искусство, печать",250,9.0,6.0,5.0,1.0,11.0,2.0
256,счетовод-кассир,6,"Торговля, заготовки и общественное питание",248,,,,,,
257,полицейский,0,Армия,248,7.0,5.0,2.0,0.0,12.0,1.0
258,слесарь-механик,1,Промышленность,247,,,,,,
259,киномеханик,8,"Просвещение, наука, искусство, печать",247,3.0,4.0,7.0,1.0,3.0,1.0
260,инструментальщик,1,Промышленность,246,3.0,5.0,7.0,1.0,4.0,1.0
261,лесничий,3,Лесное хозяйство,246,3.0,2.0,10.0,1.0,7.0,1.0
262,нарядчик,1,Промышленность,245,3.0,5.0,2.0,0.0,12.0,1.0
263,часовой,0,Армия,243,7.0,0.0,3.0,0.0,12.0,1.0
264,журналист,8,"Просвещение, наука, искусство, печать",242,4.0,3.0,4.0,4.0,11.0,2.0
265,станочник,1,Промышленность,241,3.0,5.0,7.0,1.0,4.0,1.0
266,подручный,1,Промышленность,241,3.0,5.0,2.0,0.0,12.0,1.0
267,секретарь-машинист,10,"Государственные учреждения, партийные и общественные организации",240,,,,,,
268,ефрейтор,0,Армия,239,7.0,0.0,3.0,0.0,6.0,1.0
269,радиотехник,8,"Просвещение, наука, искусство, печать",239,3.0,6.0,5.0,1.0,1.0,2.0
270,прессовщик,1,Промышленность,238,,,7.0,1.0,,
271,ездовой,5,Транспорт и связь,238,,,,,,
272,сварщик,1,Промышленность,234,1.0,5.0,7.0,1.0,4.0,1.0
273,крестьян,2,Сельское хозяйство,420,,,,,,
274,приказчик,6,"Торговля, заготовки и общественное питание",227,2.0,5.0,10.0,1.0,7.0,1.0
275,ткач,1,Промышленность,227,5.0,12.0,6.0,1.0,7.0,1.0
276,ассистент,11,Нераспределенные по отраслям народного хозяйства и неточно указавшие отрасль,227,6.0,6.0,4.0,5.0,0.0,2.0
277,пимокат,1,Промышленность,227,,,,,,
278,стекольщик,1,Промышленность,226,3.0,5.0,6.0,1.0,7.0,1.0
279,литейщик,1,Промышленность,226,5.0,5.0,6.0,1.0,4.0,1.0
280,священнослужитель,12,Служители культа,225,12.0,1.0,12.0,3.0,5.0,8.0
281,инженер-электрик,1,Промышленность,224,,,,,,
282,интендант,0,Армия,222,3.0,0.0,3.0,0.0,0.0,1.0
283,смотритель,7,Жилищное и коммунальное хозяйство,222,3.0,5.0,2.0,1.0,12.0,1.0
284,солдат,0,Армия,221,7.0,0.0,3.0,0.0,12.0,1.0
285,раздатчик,5,Транспорт и связь,218,3.0,7.0,2.0,0.0,3.0,0.0
286,шкипер,0,Армия,217,2.0,5.0,11.0,1.0,7.0,1.0
287,дояр,2,Сельское хозяйство,216,,,7.0,1.0,,
288,парторг,10,"Государственные учреждения, партийные и общественные организации",215,1.0,5.0,9.0,1.0,6.0,1.0
289,шлифовщик,1,Промышленность,214,,,7.0,1.0,,
290,инженер-технолог,8,"Просвещение, наука, искусство, печать",214,,,,,,
291,водопроводчик,7,Жилищное и коммунальное хозяйство,213,3.0,5.0,7.0,1.0,7.0,1.0
292,военрук,0,Армия,212,3.0,0.0,8.0,5.0,0.0,1.0
293,швея,1,Промышленность,208,3.0,12.0,6.0,1.0,7.0,1.0
294,слесарь-водопроводчик,1,Промышленность,203,,,,,,
295,заправщик,1,Промышленность,202,3.0,8.0,2.0,1.0,12.0,10.0
296,актер,8,"Просвещение, наука, искусство, печать",202,4.0,4.0,4.0,4.0,11.0,2.0
297,оперуполномоченный,0,Армия,202,,,,,,
298,слесарь-инструментальщик,1,Промышленность,200,,,,,,
299,плановик-экономист,10,"Государственные учреждения, партийные и общественные организации",199,,,,,,
300,корректор,8,"Просвещение, наука, искусство, печать",199,3.0,6.0,4.0,4.0,0.0,7.0
301,такелажник,1,Промышленность,196,3.0,5.0,1.0,1.0,,
302,печатник,8,"Просвещение, наука, искусство, печать",194,3.0,6.0,6.0,4.0,7.0,1.0
303,судья,10,"Государственные учреждения, партийные и общественные организации",194,8.0,3.0,4.0,5.0,12.0,1.0
304,лама,12,Служители культа,193,3.0,1.0,12.0,3.0,5.0,8.0
305,электротехник,1,Промышленность,192,3.0,6.0,5.0,1.0,1.0,2.0
306,лоцман,5,Транспорт и связь,191,2.0,5.0,11.0,1.0,7.0,1.0
307,кондитер,6,"Торговля, заготовки и общественное питание",190,3.0,5.0,6.0,1.0,7.0,1.0
308,бухгалтер-ревизор,10,"Государственные учреждения, партийные и общественные организации",190,,,,,,
309,переплетчик,8,"Просвещение, наука, искусство, печать",187,3.0,6.0,6.0,4.0,7.0,1.0
310,сигналист,1,Промышленность,185,3.0,5.0,,,2.0,1.0
311,лесообъездчик,3,Лесное хозяйство,184,3.0,5.0,,,,
312,прач,7,Жилищное и коммунальное хозяйство,183,,,,,,
313,пилоправ,3,Лесное хозяйство,183,,,,,,
314,рамщик,4,Строительство,180,,,,,,
315,медник,1,Промышленность,180,3.0,5.0,6.0,1.0,7.0,1.0
316,автомеханик,1,Промышленность,179,3.0,5.0,7.0,1.0,7.0,1.0
317,воентехник,1,Промышленность,177,3.0,0.0,,,6.0,1.0
318,бакенщик,5,Транспорт и связь,177,3.0,2.0,10.0,1.0,7.0,1.0
319,агротехник,1,Промышленность,176,3.0,2.0,5.0,9.0,10.0,9.0
320,надсмотрщик,0,Армия,175,3.0,5.0,2.0,0.0,12.0,1.0
321,техник-нормировщик,1,Промышленность,172,,,,,,
322,проходчик,1,Промышленность,172,3.0,5.0,7.0,1.0,4.0,1.0
323,санинструктор,9,Здравоохранение,172,3.0,0.0,3.0,0.0,6.0,1.0
324,поселенец,11,Нераспределенные по отраслям народного хозяйства и неточно указавшие отрасль,168,2.0,12.0,0.0,2.0,8.0,4.0
325,регистратор,10,"Государственные учреждения, партийные и общественные организации",167,3.0,3.0,2.0,1.0,3.0,12.0
326,чистильщик,7,Жилищное и коммунальное хозяйство,166,3.0,5.0,2.0,1.0,7.0,1.0
327,снабженец,6,"Торговля, заготовки и общественное питание",165,3.0,5.0,7.0,1.0,12.0,1.0
328,протоиерей,12,Служители культа,164,12.0,1.0,12.0,3.0,5.0,8.0
329,прапорщик,0,Армия,163,0.0,0.0,3.0,0.0,6.0,1.0
330,инженер-экономист,8,"Просвещение, наука, искусство, печать",162,,,,,,
331,епископ,12,Служители культа,162,12.0,1.0,12.0,3.0,5.0,8.0
332,банщик,7,Жилищное и коммунальное хозяйство,160,3.0,5.0,2.0,1.0,7.0,1.0
333,монаш,12,Служители культа,158,,,,,,
334,казначей,10,"Государственные учреждения, партийные и общественные организации",155,3.0,5.0,9.0,0.0,0.0,1.0
335,гуртоправ,2,Сельское хозяйство,153,,,,,,
336,химик,8,"Просвещение, наука, искусство, печать",152,9.0,6.0,5.0,1.0,11.0,2.0
337,письмоносец,5,Транспорт и связь,152,3.0,5.0,6.0,0.0,12.0,1.0
338,сверловщик,1,Промышленность,152,,,,,,
339,арматурщик,1,Промышленность,152,,,,,,
340,аппаратчик,1,Промышленность,152,3.0,3.0,7.0,1.0,4.0,1.0
341,оператор,1,Промышленность,151,1.0,4.0,4.0,1.0,3.0,10.0
342,курьер,5,Транспорт и связь,151,3.0,3.0,2.0,0.0,12.0,1.0
343,фармацевт,9,Здравоохранение,150,3.0,9.0,5.0,5.0,11.0,1.0
344,крановщик,4,Строительство,149,1.0,5.0,1.0,1.0,2.0,1.0
345,колесник,1,Промышленность,149,3.0,2.0,7.0,1.0,7.0,1.0
346,техник-конструктор,1,Промышленность,148,,,,,,
347,инженер-химик,8,"Просвещение, наука, искусство, печать",147,,,,,,
348,ветеринар,9,Здравоохранение,147,6.0,9.0,5.0,5.0,11.0,1.0
349,воспитатель,9,Здравоохранение,146,10.0,6.0,8.0,5.0,9.0,2.0
350,водовоз,5,Транспорт и связь,143,3.0,5.0,1.0,1.0,7.0,1.0
351,автослесарь,1,Промышленность,143,3.0,5.0,7.0,1.0,,
352,адвокат,10,"Государственные учреждения, партийные и общественные организации",143,8.0,3.0,4.0,5.0,11.0,2.0
353,наладчик,1,Промышленность,141,3.0,5.0,7.0,1.0,4.0,1.0
354,акушер,9,Здравоохранение,140,6.0,9.0,5.0,5.0,11.0,1.0
355,историк,8,"Просвещение, наука, искусство, печать",140,4.0,6.0,4.0,4.0,11.0,2.0
356,аспирант,8,"Просвещение, наука, искусство, печать",139,6.0,6.0,5.0,5.0,9.0,2.0
357,следователь,0,Армия,138,8.0,3.0,2.0,5.0,12.0,1.0
358,завскладом,7,Жилищное и коммунальное хозяйство,137,3.0,5.0,7.0,1.0,3.0,1.0
359,военврач,9,Здравоохранение,137,3.0,0.0,3.0,0.0,6.0,1.0
360,землемер,2,Сельское хозяйство,135,3.0,2.0,6.0,1.0,7.0,1.0
361,десятник-строитель,4,Строительство,134,,,,,,
362,арендатор,7,Жилищное и коммунальное хозяйство,134,3.0,12.0,0.0,12.0,3.0,4.0
363,управдом,7,Жилищное и коммунальное хозяйство,134,3.0,3.0,2.0,1.0,12.0,1.0
364,няня,9,Здравоохранение,133,3.0,10.0,2.0,11.0,12.0,1.0
365,администратор,10,"Государственные учреждения, партийные и общественные организации",133,11.0,3.0,2.0,0.0,0.0,1.0
366,авиатехник,8,"Просвещение, наука, искусство, печать",130,3.0,8.0,7.0,1.0,12.0,10.0
367,производитель,2,Сельское хозяйство,130,9.0,8.0,11.0,12.0,3.0,4.0
368,архитектор,4,Строительство,130,9.0,6.0,4.0,1.0,11.0,2.0
369,вальцовщик,1,Промышленность,130,3.0,5.0,,,4.0,1.0
370,штурман,5,Транспорт и связь,128,2.0,5.0,3.0,1.0,6.0,1.0
371,топограф,8,"Просвещение, наука, искусство, печать",126,3.0,2.0,5.0,1.0,11.0,1.0
372,гардеробщик,7,Жилищное и коммунальное хозяйство,125,3.0,5.0,2.0,0.0,12.0,1.0
373,писатель,8,"Просвещение, наука, искусство, печать",125,4.0,6.0,4.0,4.0,11.0,2.0
374,путеобходчик,1,Промышленность,124,,,,,,
375,обойщик,1,Промышленность,124,3.0,5.0,,,7.0,1.0
376,таксировщик,5,Транспорт и связь,124,,,,,,
377,доктор,9,Здравоохранение,123,6.0,9.0,5.0,5.0,11.0,1.0
378,лесовод,3,Лесное хозяйство,122,3.0,6.0,5.0,1.0,11.0,2.0
379,вагоновожатый,5,Транспорт и связь,121,,,,,,
380,закупщик,6,"Торговля, заготовки и общественное питание",120,3.0,12.0,11.0,12.0,3.0,4.0
381,монтажник,1,Промышленность,119,1.0,5.0,7.0,1.0,4.0,1.0
382,литератор,8,"Просвещение, наука, искусство, печать",118,4.0,6.0,4.0,4.0,11.0,2.0
383,техник-механик,1,Промышленность,118,,,,,,
384,боцман,1,Промышленность,118,2.0,5.0,3.0,1.0,6.0,1.0
385,иеромонах,12,Служители культа,117,12.0,1.0,12.0,3.0,5.0,8.0
386,штамповщик,1,Промышленность,117,,,,,,
387,сырьевщик,1,Промышленность,117,,,,,,
388,инкассатор,5,Транспорт и связь,116,3.0,5.0,2.0,0.0,12.0,1.0
389,красногвардеец,0,Армия,115,7.0,0.0,0.0,0.0,12.0,1.0
390,ломовой,5,Транспорт и связь,114,,,,,,
391,масленщик,1,Промышленность,113,,,,,,
392,комбриг,1,Промышленность,112,7.0,0.0,3.0,0.0,6.0,1.0
393,слесарь-монтажник,1,Промышленность,112,,,,,,
394,корреспондент,8,"Просвещение, наука, искусство, печать",110,11.0,3.0,4.0,4.0,0.0,2.0
395,укладчик,1,Промышленность,110,3.0,5.0,7.0,1.0,2.0,1.0
396,каталь,1,Промышленность,110,3.0,5.0,,,,
397,шахтер,1,Промышленность,107,5.0,5.0,1.0,1.0,7.0,1.0
398,рубщик,1,Промышленность,106,3.0,2.0,11.0,1.0,,
399,завмаг,6,"Торговля, заготовки и общественное питание",106,3.0,5.0,2.0,1.0,12.0,1.0
